Cluster,Keyword,Intent,Volume,KD,CPC_USD,KD_Band,Vol_Band,Quick_Win,Typo,Best_Used_For,Target_Slug,Money_Keyword,In_Old_Bank,Old_Target_Page,Old_Volume
"Electric dirt bike (head terms, adult & general)","electric dirt bike",Commercial,6600,19,0.62,"Medium (16-30)","1,000+",true,false,"Blog + product links","/blog/electric-dirt-bikes-australia-guide",false,true,"/electric-dirt-bikes/",8710
"Electric dirt bike (head terms, adult & general)","dirt bikes electric dirt bikes",Commercial,3600,12,0.62,"Easy (0-15)","1,000+",true,false,"Blog + product links","/blog/electric-dirt-bikes-australia-guide",false,false,"",
"Electric dirt bike (head terms, adult & general)","e bikes dirt",Commercial,1900,11,0.62,"Easy (0-15)","1,000+",true,false,"Blog + product links","/blog/electric-dirt-bikes-australia-guide",false,false,"",
"Electric dirt bike (head terms, adult & general)","e-bike dirt",Commercial,1600,12,0.62,"Easy (0-15)","1,000+",true,false,"Blog + product links","/blog/electric-dirt-bikes-australia-guide",false,false,"",
"Electric dirt bike (head terms, adult & general)","electric dirt bike motorcycle",Commercial,1300,21,0.62,"Medium (16-30)","1,000+",false,false,"Blog + product links","/blog/electric-dirt-bikes-australia-guide",false,true,"/electric-dirt-bikes/",1780
"Electric dirt bike (head terms, adult & general)","electric dirt bike australia",Commercial,1300,19,0.46,"Medium (16-30)","1,000+",true,false,"Blog + product links","/blog/electric-dirt-bikes-australia-guide",false,true,"/electric-dirt-bikes/",1710
"Electric dirt bike (head terms, adult & general)","electric dirt bikes",Commercial,1000,16,0.56,"Medium (16-30)","1,000+",true,false,"Blog + product links","/blog/electric-dirt-bikes-australia-guide",false,false,"",
"Electric dirt bike (head terms, adult & general)","e dirt bike",Commercial,1000,16,0.64,"Medium (16-30)","1,000+",true,false,"Blog + product links","/blog/electric-dirt-bikes-australia-guide",false,true,"/electric-dirt-bikes/",1960
"Electric dirt bike (head terms, adult & general)","electric dirtbike",Commercial,1000,16,0.62,"Medium (16-30)","1,000+",true,false,"Blog + product links","/blog/electric-dirt-bikes-australia-guide",false,false,"",
"Electric dirt bike (head terms, adult & general)","high performance electric dirt bike",Commercial,590,27,0,"Medium (16-30)","300-999",false,false,"Blog + product links","/blog/electric-dirt-bikes-australia-guide",false,true,"/electric-dirt-bikes/",590
"Electric dirt bike (head terms, adult & general)","electric dirt bikes electric dirt bikes",Commercial,480,10,0.62,"Easy (0-15)","300-999",true,false,"Blog + product links","/blog/electric-dirt-bikes-australia-guide",false,false,"",
"Electric dirt bike (head terms, adult & general)","electric dirt bike motorcycles",Commercial,480,21,0.62,"Medium (16-30)","300-999",false,false,"Blog + product links","/blog/electric-dirt-bikes-australia-guide",false,false,"",
"Electric dirt bike (head terms, adult & general)","electric dirt bike electric",Commercial,390,12,0.62,"Easy (0-15)","300-999",true,false,"Blog + product links","/blog/electric-dirt-bikes-australia-guide",false,false,"",
"Electric dirt bike (head terms, adult & general)","e dirt bikes",Commercial,320,14,0.64,"Easy (0-15)","300-999",true,false,"Blog + product links","/blog/electric-dirt-bikes-australia-guide",false,false,"",
"Electric dirt bike (head terms, adult & general)","electric dirt bikes australia",Commercial,320,13,0.54,"Easy (0-15)","300-999",true,false,"Blog + product links","/blog/electric-dirt-bikes-australia-guide",false,false,"",
"Electric dirt bike (head terms, adult & general)","e bike dirt bike",Commercial,260,17,0.81,"Medium (16-30)","100-299",true,false,"Blog + product links","/blog/electric-dirt-bikes-australia-guide",false,false,"",
"Electric dirt bike (head terms, adult & general)","e dirtbike",Commercial,260,15,0.64,"Easy (0-15)","100-299",true,false,"Blog + product links","/blog/electric-dirt-bikes-australia-guide",false,false,"",
"Electric dirt bike (head terms, adult & general)","e bike dirt",Commercial,260,10,0.62,"Easy (0-15)","100-299",true,false,"Blog + product links","/blog/electric-dirt-bikes-australia-guide",false,false,"",
"Electric dirt bike (head terms, adult & general)","electric motocross bicycle",Commercial,260,19,0.35,"Medium (16-30)","100-299",true,false,"Blog + product links","/blog/electric-dirt-bikes-australia-guide",false,true,"/shop/",260
"Electric dirt bike (head terms, adult & general)","electric dirt motorcycle",Commercial,210,11,0.62,"Easy (0-15)","100-299",true,false,"Blog + product links","/blog/electric-dirt-bikes-australia-guide",false,true,"/electric-motor-bikes/",210
"Electric dirt bike (head terms, adult & general)","ebike dirt bike",Commercial,210,17,0.81,"Medium (16-30)","100-299",true,false,"Blog + product links","/blog/electric-dirt-bikes-australia-guide",false,true,"/electric-dirt-bikes/",280
"Electric dirt bike (head terms, adult & general)","eletric dirtbike",Commercial,210,17,0.62,"Medium (16-30)","100-299",false,true,"Blog + product links","/blog/electric-dirt-bikes-australia-guide",false,false,"",
"Electric dirt bike (head terms, adult & general)","eletric dirt bike",Commercial,210,14,0,"Easy (0-15)","100-299",false,true,"Blog + product links","/blog/electric-dirt-bikes-australia-guide",false,false,"",
"Electric dirt bike (head terms, adult & general)","e-dirt bike",Commercial,210,15,0.64,"Easy (0-15)","100-299",true,false,"Blog + product links","/blog/electric-dirt-bikes-australia-guide",false,false,"",
"Electric dirt bike (head terms, adult & general)","electric motor cross bikes",Commercial,210,15,0.35,"Easy (0-15)","100-299",true,false,"Blog + product links","/blog/electric-dirt-bikes-australia-guide",false,false,"",
"Electric dirt bike (head terms, adult & general)","electric dirt motorbike",Commercial,170,20,0.56,"Medium (16-30)","100-299",true,false,"Blog + product links","/blog/electric-dirt-bikes-australia-guide",false,true,"/electric-motor-bikes/",170
"Electric dirt bike (head terms, adult & general)","e dirt bike australia",Commercial,170,17,0.47,"Medium (16-30)","100-299",true,false,"Blog + product links","/blog/electric-dirt-bikes-australia-guide",false,true,"/electric-dirt-bikes/",170
"Electric dirt bike (head terms, adult & general)","electric bike dirt bike",Commercial,140,12,0.81,"Easy (0-15)","100-299",true,false,"Blog + product links","/blog/electric-dirt-bikes-australia-guide",false,false,"",
"Electric dirt bike (head terms, adult & general)","dirt bike electric",Commercial,140,15,0.62,"Easy (0-15)","100-299",true,false,"Blog + product links","/blog/electric-dirt-bikes-australia-guide",false,true,"/electric-dirt-bikes/",140
"Electric dirt bike (head terms, adult & general)","electric dirtbikes",Commercial,110,15,0.56,"Easy (0-15)","100-299",true,false,"Blog + product links","/blog/electric-dirt-bikes-australia-guide",false,false,"",
"Electric dirt bike (head terms, adult & general)","electric dirtbike australia",Commercial,90,18,0.46,"Medium (16-30)","<100",false,false,"Blog + product links","/blog/electric-dirt-bikes-australia-guide",false,false,"",
"Electric dirt bike (head terms, adult & general)","electric dirt bike adult",Commercial,90,13,0.49,"Easy (0-15)","<100",false,false,"Blog + product links","/blog/electric-dirt-bikes-australia-guide",false,false,"",
"Electric dirt bike (head terms, adult & general)","electric drit bike",Commercial,90,8,0.62,"Easy (0-15)","<100",false,true,"Blog + product links","/blog/electric-dirt-bikes-australia-guide",false,false,"",
"Electric dirt bike (head terms, adult & general)","dirt bikes that are electric",Commercial,70,11,0.62,"Easy (0-15)","<100",false,false,"Blog + product links","/blog/electric-dirt-bikes-australia-guide",false,true,"/electric-dirt-bikes/",70
"Electric dirt bike (head terms, adult & general)","electric dirt bikes for adults",Commercial,70,13,0.35,"Easy (0-15)","<100",false,false,"Blog + product links","/blog/electric-dirt-bikes-australia-guide",false,false,"",
"Electric dirt bike (head terms, adult & general)","ebike dirt",Commercial,70,13,0.62,"Easy (0-15)","<100",false,false,"Blog + product links","/blog/electric-dirt-bikes-australia-guide",false,false,"",
"Electric dirt bike (head terms, adult & general)","e-dirtbike",Commercial,70,15,0.64,"Easy (0-15)","<100",false,false,"Blog + product links","/blog/electric-dirt-bikes-australia-guide",false,false,"",
"Electric dirt bike (head terms, adult & general)","electric dirt bicycle",Commercial,70,12,0.62,"Easy (0-15)","<100",false,false,"Blog + product links","/blog/electric-dirt-bikes-australia-guide",false,false,"",
"Electric dirt bike (head terms, adult & general)","eletric dirt bikes",Commercial,50,13,0.56,"Easy (0-15)","<100",false,true,"Blog + product links","/blog/electric-dirt-bikes-australia-guide",false,false,"",
"Electric dirt bike (head terms, adult & general)","e dirtbikes",Commercial,50,14,0.64,"Easy (0-15)","<100",false,false,"Blog + product links","/blog/electric-dirt-bikes-australia-guide",false,false,"",
"Electric dirt bike (head terms, adult & general)","dirt bike vs e bike",Commercial,50,8,0,"Easy (0-15)","<100",false,false,"Blog + product links","/blog/electric-dirt-bikes-australia-guide",false,false,"",
"Electric dirt bike (head terms, adult & general)","electric dirk bikes",Commercial,50,9,0.61,"Easy (0-15)","<100",false,true,"Blog + product links","/blog/electric-dirt-bikes-australia-guide",false,false,"",
"Electric motorbikes & motorcycles (road/general)","electric motorbike",Commercial,6600,20,0.45,"Medium (16-30)","1,000+",true,false,"Blog + product links","/blog/electric-motorbikes-australia",false,true,"/electric-motor-bikes/",9670
"Electric motorbikes & motorcycles (road/general)","electric electric motorcycle",Commercial,4400,22,0.45,"Medium (16-30)","1,000+",false,false,"Blog + product links","/blog/electric-motorbikes-australia",false,false,"",
"Electric motorbikes & motorcycles (road/general)","electric motorcycle australia",Commercial,1900,26,0.28,"Medium (16-30)","1,000+",false,false,"Blog + product links","/blog/electric-motorbikes-australia",false,true,"/electric-motor-bikes/",2490
"Electric motorbikes & motorcycles (road/general)","electric motorbike australia",Commercial,1300,26,0.49,"Medium (16-30)","1,000+",false,false,"Blog + product links","/blog/electric-motorbikes-australia",false,true,"/electric-motor-bikes/",1940
"Electric motorbikes & motorcycles (road/general)","electric motor bikes",Commercial,1000,23,0.4,"Medium (16-30)","1,000+",false,false,"Blog + product links","/blog/electric-motorbikes-australia",false,false,"",
"Electric motorbikes & motorcycles (road/general)","electric motor bike",Commercial,1000,19,0.45,"Medium (16-30)","1,000+",true,false,"Blog + product links","/blog/electric-motorbikes-australia",false,false,"",
"Electric motorbikes & motorcycles (road/general)","electric motorbikes",Commercial,1000,32,0.65,"Hard (31+)","1,000+",false,false,"Blog + product links","/blog/electric-motorbikes-australia",false,false,"",
"Electric motorbikes & motorcycles (road/general)","e motorbike",Commercial,1000,28,0.68,"Medium (16-30)","1,000+",false,false,"Blog + product links","/blog/electric-motorbikes-australia",false,true,"/electric-motor-bikes/",1430
"Electric motorbikes & motorcycles (road/general)","electric motorcycle bikes",Commercial,720,24,0.28,"Medium (16-30)","300-999",false,false,"Blog + product links","/blog/electric-motorbikes-australia",false,true,"/electric-motor-bikes/",1110
"Electric motorbikes & motorcycles (road/general)","electric motorcycles",Commercial,720,27,0.3,"Medium (16-30)","300-999",false,false,"Blog + product links","/blog/electric-motorbikes-australia",false,false,"",
"Electric motorbikes & motorcycles (road/general)","e motorcycles",Informational,480,29,0.48,"Medium (16-30)","300-999",false,false,"Blog (informational)","/blog/electric-motorbikes-australia",false,false,"",
"Electric motorbikes & motorcycles (road/general)","electric motorbikes australia",Commercial,480,26,0.38,"Medium (16-30)","300-999",false,false,"Blog + product links","/blog/electric-motorbikes-australia",false,false,"",
"Electric motorbikes & motorcycles (road/general)","electric motorcycle bike",Commercial,390,27,0,"Medium (16-30)","300-999",false,false,"Blog + product links","/blog/electric-motorbikes-australia",false,false,"",
"Electric motorbikes & motorcycles (road/general)","electric motorbike for adults",Commercial,260,20,0.38,"Medium (16-30)","100-299",true,false,"Blog + product links","/blog/electric-motorbikes-australia",false,true,"/electric-motor-bikes/",540
"Electric motorbikes & motorcycles (road/general)","e motor bike",Commercial,210,24,0.61,"Medium (16-30)","100-299",false,false,"Blog + product links","/blog/electric-motorbikes-australia",false,false,"",
"Electric motorbikes & motorcycles (road/general)","electric motor cycle",Commercial,210,25,0.3,"Medium (16-30)","100-299",false,false,"Blog + product links","/blog/electric-motorbikes-australia",false,false,"",
"Electric motorbikes & motorcycles (road/general)","e motorbike australia",Commercial,210,33,0.52,"Hard (31+)","100-299",false,false,"Blog + product links","/blog/electric-motorbikes-australia",false,true,"/electric-motor-bikes/",210
"Electric motorbikes & motorcycles (road/general)","electric motobike",Commercial,170,19,0.45,"Medium (16-30)","100-299",true,false,"Blog + product links","/blog/electric-motorbikes-australia",false,false,"",
"Electric motorbikes & motorcycles (road/general)","e motorbikes",Commercial,170,20,0.61,"Medium (16-30)","100-299",true,false,"Blog + product links","/blog/electric-motorbikes-australia",false,false,"",
"Electric motorbikes & motorcycles (road/general)","electric road motorbike",Commercial,170,31,0.27,"Hard (31+)","100-299",false,false,"Blog + product links","/blog/electric-motorbikes-australia",false,true,"/electric-motor-bikes/",170
"Electric motorbikes & motorcycles (road/general)","ebike motorcycle",Commercial,170,27,0.59,"Medium (16-30)","100-299",false,false,"Blog + product links","/blog/electric-motorbikes-australia",false,true,"/electric-motor-bikes/",280
"Electric motorbikes & motorcycles (road/general)","electric bike motorbike",Commercial,140,19,0,"Medium (16-30)","100-299",true,false,"Blog + product links","/blog/electric-motorbikes-australia",false,true,"/electric-motor-bikes/",140
"Electric motorbikes & motorcycles (road/general)","e bike motorbike",Commercial,140,41,0.98,"Hard (31+)","100-299",false,false,"Blog + product links","/blog/electric-motorbikes-australia",false,true,"/electric-motor-bikes/",210
"Electric motorbikes & motorcycles (road/general)","eletric motorbike",Commercial,140,19,0.45,"Medium (16-30)","100-299",false,true,"Blog + product links","/blog/electric-motorbikes-australia",false,true,"/electric-motor-bikes/",210
"Electric motorbikes & motorcycles (road/general)","electric road motorcycle",Commercial,140,41,0.24,"Hard (31+)","100-299",false,false,"Blog + product links","/blog/electric-motorbikes-australia",false,true,"/electric-motor-bikes/",140
"Electric motorbikes & motorcycles (road/general)","electric bike motors",Commercial,90,24,0.28,"Medium (16-30)","<100",false,false,"Blog + product links","/blog/electric-motorbikes-australia",false,false,"",
"Electric motorbikes & motorcycles (road/general)","electic motorbike",Commercial,90,16,0.45,"Medium (16-30)","<100",false,true,"Blog + product links","/blog/electric-motorbikes-australia",false,true,"/electric-motor-bikes/",90
"Electric motorbikes & motorcycles (road/general)","motorbike electric",Commercial,90,12,0.57,"Easy (0-15)","<100",false,false,"Blog + product links","/blog/electric-motorbikes-australia",false,false,"",
"Electric motorbikes & motorcycles (road/general)","electric motor bikes australia",Commercial,90,31,0.47,"Hard (31+)","<100",false,false,"Blog + product links","/blog/electric-motorbikes-australia",false,false,"",
"Electric motorbikes & motorcycles (road/general)","motor bike electric",Commercial,90,21,0.78,"Medium (16-30)","<100",false,false,"Blog + product links","/blog/electric-motorbikes-australia",false,true,"/electric-motor-bikes/",180
"Electric motorbikes & motorcycles (road/general)","adult electric motorbike",Commercial,90,20,0.38,"Medium (16-30)","<100",false,false,"Blog + product links","/blog/electric-motorbikes-australia",false,true,"/electric-motor-bikes/",90
"Electric motorbikes & motorcycles (road/general)","electric.motorbike",Commercial,70,21,0.3,"Medium (16-30)","<100",false,true,"Blog + product links","/blog/electric-motorbikes-australia",false,false,"",
"Electric motorbikes & motorcycles (road/general)","eletric motor bike",Commercial,70,23,0.45,"Medium (16-30)","<100",false,true,"Blog + product links","/blog/electric-motorbikes-australia",false,false,"",
"Electric motorbikes & motorcycles (road/general)","electric motor bike australia",Commercial,70,25,0.38,"Medium (16-30)","<100",false,false,"Blog + product links","/blog/electric-motorbikes-australia",false,false,"",
"Electric motorbikes & motorcycles (road/general)","electric moterbike",Commercial,50,18,0.45,"Medium (16-30)","<100",false,true,"Blog + product links","/blog/electric-motorbikes-australia",false,false,"",
"E-bike batteries, replacements & chargers","e cycle battery",Commercial,1900,12,0.27,"Easy (0-15)","1,000+",true,false,"Blog + product links","/blog/ebike-battery-guide-australia",false,false,"",
"E-bike batteries, replacements & chargers","e bike battery",Commercial,1000,10,0.34,"Easy (0-15)","1,000+",true,false,"Blog + product links","/blog/ebike-battery-guide-australia",false,false,"",
"E-bike batteries, replacements & chargers","e bike batteries",Commercial,480,6,0.34,"Easy (0-15)","300-999",true,false,"Blog + product links","/blog/ebike-battery-guide-australia",false,false,"",
"E-bike batteries, replacements & chargers","battery electric bicycle",Commercial,480,17,0.27,"Medium (16-30)","300-999",true,false,"Blog + product links","/blog/ebike-battery-guide-australia",false,false,"",
"E-bike batteries, replacements & chargers","batteries for electric bicycles",Commercial,390,10,0.27,"Easy (0-15)","300-999",true,false,"Blog + product links","/blog/ebike-battery-guide-australia",false,false,"",
"E-bike batteries, replacements & chargers","electric cycle battery",Commercial,260,7,0.27,"Easy (0-15)","100-299",true,false,"Blog + product links","/blog/ebike-battery-guide-australia",false,false,"",
"E-bike batteries, replacements & chargers","batterie ebike",Commercial,260,8,0.27,"Easy (0-15)","100-299",true,false,"Blog + product links","/blog/ebike-battery-guide-australia",false,false,"",
"E-bike batteries, replacements & chargers","electric bicycle battery replacement",Informational,210,8,0.22,"Easy (0-15)","100-299",true,false,"Blog (informational)","/blog/ebike-battery-guide-australia",false,false,"",
"E-bike batteries, replacements & chargers","e bike battery charger",Commercial,210,4,0.46,"Easy (0-15)","100-299",true,false,"Blog + product links","/blog/ebike-battery-guide-australia",false,false,"",
"E-bike batteries, replacements & chargers","ebike battery charger",Commercial,210,3,0.46,"Easy (0-15)","100-299",true,false,"Blog + product links","/blog/ebike-battery-guide-australia",false,false,"",
"E-bike batteries, replacements & chargers","charger for e bike",Commercial,210,6,0.47,"Easy (0-15)","100-299",true,false,"Blog + product links","/blog/ebike-battery-guide-australia",false,false,"",
"E-bike batteries, replacements & chargers","e bike battery replacement",Commercial,170,7,0.18,"Easy (0-15)","100-299",true,false,"Blog + product links","/blog/ebike-battery-guide-australia",false,false,"",
"E-bike batteries, replacements & chargers","bateri e bike",Commercial,170,6,0.31,"Easy (0-15)","100-299",false,true,"Blog + product links","/blog/ebike-battery-guide-australia",false,false,"",
"E-bike batteries, replacements & chargers","battery for a electric bike",Commercial,170,12,0.31,"Easy (0-15)","100-299",true,false,"Blog + product links","/blog/ebike-battery-guide-australia",false,false,"",
"E-bike batteries, replacements & chargers","battery for an electric bike",Commercial,170,13,0.31,"Easy (0-15)","100-299",true,false,"Blog + product links","/blog/ebike-battery-guide-australia",false,false,"",
"E-bike batteries, replacements & chargers","electric battery for bicycle",Commercial,140,6,0.27,"Easy (0-15)","100-299",true,false,"Blog + product links","/blog/ebike-battery-guide-australia",false,false,"",
"E-bike batteries, replacements & chargers","battery ebike",Commercial,140,7,0.27,"Easy (0-15)","100-299",true,false,"Blog + product links","/blog/ebike-battery-guide-australia",false,false,"",
"E-bike batteries, replacements & chargers","bicycle battery",Commercial,140,6,0.46,"Easy (0-15)","100-299",true,false,"Blog + product links","/blog/ebike-battery-guide-australia",false,false,"",
"E-bike batteries, replacements & chargers","battery charger ebike",Commercial,110,6,0.57,"Easy (0-15)","100-299",true,false,"Blog + product links","/blog/ebike-battery-guide-australia",false,false,"",
"E-bike batteries, replacements & chargers","electric bike batteries australia",Commercial,90,8,0.25,"Easy (0-15)","<100",false,false,"Blog + product links","/blog/ebike-battery-guide-australia",false,false,"",
"E-bike batteries, replacements & chargers","ebike batteries",Commercial,90,7,0.23,"Easy (0-15)","<100",false,false,"Blog + product links","/blog/ebike-battery-guide-australia",false,false,"",
"E-bike batteries, replacements & chargers","e bike batteries australia",Commercial,90,7,0.29,"Easy (0-15)","<100",false,false,"Blog + product links","/blog/ebike-battery-guide-australia",false,false,"",
"E-bike batteries, replacements & chargers","electric bicycle batteries australia",Commercial,90,5,0.25,"Easy (0-15)","<100",false,false,"Blog + product links","/blog/ebike-battery-guide-australia",false,false,"",
"E-bike batteries, replacements & chargers","e bike chargers",Commercial,90,6,0.41,"Easy (0-15)","<100",false,false,"Blog + product links","/blog/ebike-battery-guide-australia",false,false,"",
"E-bike batteries, replacements & chargers","battery electric bike",Commercial,70,20,0.27,"Medium (16-30)","<100",false,false,"Blog + product links","/blog/ebike-battery-guide-australia",false,false,"",
"E-bike batteries, replacements & chargers","electric bike battery replacement",Commercial,70,9,0.22,"Easy (0-15)","<100",false,false,"Blog + product links","/blog/ebike-battery-guide-australia",false,false,"",
"E-bike batteries, replacements & chargers","charger for ebike",Commercial,70,4,0.47,"Easy (0-15)","<100",false,false,"Blog + product links","/blog/ebike-battery-guide-australia",false,false,"",
"E-bike batteries, replacements & chargers","lithium bike battery",Commercial,70,8,0.39,"Easy (0-15)","<100",false,false,"Blog + product links","/blog/ebike-battery-guide-australia",false,false,"",
"E-bike batteries, replacements & chargers","ebike batteries australia",Commercial,50,6,0.29,"Easy (0-15)","<100",false,false,"Blog + product links","/blog/ebike-battery-guide-australia",false,false,"",
"Motorcycle, dirt bike & quad batteries (petrol-bike crossover)","motorcycle battery",Commercial,1300,19,0.48,"Medium (16-30)","1,000+",true,false,"Blog + product links","/blog/lithium-vs-lead-acid-motorcycle-battery",false,false,"",
"Motorcycle, dirt bike & quad batteries (petrol-bike crossover)","motorbike battery",Commercial,1000,20,0.41,"Medium (16-30)","1,000+",true,false,"Blog + product links","/blog/lithium-vs-lead-acid-motorcycle-battery",false,false,"",
"Motorcycle, dirt bike & quad batteries (petrol-bike crossover)","battery motorcycle battery",Commercial,1000,17,0.48,"Medium (16-30)","1,000+",true,false,"Blog + product links","/blog/lithium-vs-lead-acid-motorcycle-battery",false,false,"",
"Motorcycle, dirt bike & quad batteries (petrol-bike crossover)","battery of motorcycle",Informational,1000,18,0.48,"Medium (16-30)","1,000+",true,false,"Blog (informational)","/blog/lithium-vs-lead-acid-motorcycle-battery",false,false,"",
"Motorcycle, dirt bike & quad batteries (petrol-bike crossover)","battery for motorbike",Commercial,210,17,0.49,"Medium (16-30)","100-299",true,false,"Blog + product links","/blog/lithium-vs-lead-acid-motorcycle-battery",false,false,"",
"Motorcycle, dirt bike & quad batteries (petrol-bike crossover)","batteries for motorbikes",Commercial,210,21,0.49,"Medium (16-30)","100-299",false,false,"Blog + product links","/blog/lithium-vs-lead-acid-motorcycle-battery",false,false,"",
"Motorcycle, dirt bike & quad batteries (petrol-bike crossover)","quad bike battery",Commercial,210,14,0.4,"Easy (0-15)","100-299",true,false,"Blog + product links","/blog/lithium-vs-lead-acid-motorcycle-battery",false,false,"",
"Motorcycle, dirt bike & quad batteries (petrol-bike crossover)","motorbike batteries",Commercial,210,17,0.49,"Medium (16-30)","100-299",true,false,"Blog + product links","/blog/lithium-vs-lead-acid-motorcycle-battery",false,false,"",
"Motorcycle, dirt bike & quad batteries (petrol-bike crossover)","12v motorbike battery",Commercial,170,18,0.36,"Medium (16-30)","100-299",true,false,"Blog + product links","/blog/lithium-vs-lead-acid-motorcycle-battery",false,false,"",
"Motorcycle, dirt bike & quad batteries (petrol-bike crossover)","lithium battery motorcycle",Commercial,170,7,0.39,"Easy (0-15)","100-299",true,false,"Blog + product links","/blog/lithium-vs-lead-acid-motorcycle-battery",false,false,"",
"Motorcycle, dirt bike & quad batteries (petrol-bike crossover)","dirt bike battery",Commercial,140,13,0.46,"Easy (0-15)","100-299",true,false,"Blog + product links","/blog/lithium-vs-lead-acid-motorcycle-battery",false,false,"",
"Motorcycle, dirt bike & quad batteries (petrol-bike crossover)","motor bike battery",Commercial,140,17,0.49,"Medium (16-30)","100-299",true,false,"Blog + product links","/blog/lithium-vs-lead-acid-motorcycle-battery",false,false,"",
"Motorcycle, dirt bike & quad batteries (petrol-bike crossover)","motor bicycle battery",Commercial,110,8,0.48,"Easy (0-15)","100-299",true,false,"Blog + product links","/blog/lithium-vs-lead-acid-motorcycle-battery",false,false,"",
"Motorcycle, dirt bike & quad batteries (petrol-bike crossover)","motorcycle bike battery",Commercial,110,17,0.48,"Medium (16-30)","100-299",true,false,"Blog + product links","/blog/lithium-vs-lead-acid-motorcycle-battery",false,false,"",
"Motorcycle, dirt bike & quad batteries (petrol-bike crossover)","battery motorbike",Commercial,90,16,0,"Medium (16-30)","<100",false,false,"Blog + product links","/blog/lithium-vs-lead-acid-motorcycle-battery",false,false,"",
"Motorcycle, dirt bike & quad batteries (petrol-bike crossover)","motor bike battery near me",Transactional,70,14,0.67,"Easy (0-15)","<100",false,false,"Category/product page","/blog/lithium-vs-lead-acid-motorcycle-battery",false,false,"",
"Motorcycle, dirt bike & quad batteries (petrol-bike crossover)","dirtbike battery",Commercial,70,17,0.46,"Medium (16-30)","<100",false,false,"Blog + product links","/blog/lithium-vs-lead-acid-motorcycle-battery",false,false,"",
"Motorcycle, dirt bike & quad batteries (petrol-bike crossover)","12 volt motorcycle battery",Commercial,70,17,0.36,"Medium (16-30)","<100",false,false,"Blog + product links","/blog/lithium-vs-lead-acid-motorcycle-battery",false,false,"",
"Motorcycle, dirt bike & quad batteries (petrol-bike crossover)","battery for a motorcycle",Commercial,70,24,0.49,"Medium (16-30)","<100",false,false,"Blog + product links","/blog/lithium-vs-lead-acid-motorcycle-battery",false,false,"",
"Motorcycle, dirt bike & quad batteries (petrol-bike crossover)","battery for bike",Commercial,70,21,0.56,"Medium (16-30)","<100",false,false,"Blog + product links","/blog/lithium-vs-lead-acid-motorcycle-battery",false,false,"",
"Motorcycle, dirt bike & quad batteries (petrol-bike crossover)","motorbike batter",Commercial,70,18,0.42,"Medium (16-30)","<100",false,false,"Blog + product links","/blog/lithium-vs-lead-acid-motorcycle-battery",false,false,"",
"Motorcycle, dirt bike & quad batteries (petrol-bike crossover)","motorbike batteries brisbane",Commercial,70,6,0.47,"Easy (0-15)","<100",false,false,"Blog + product links","/blog/lithium-vs-lead-acid-motorcycle-battery",false,false,"",
"Motorcycle, dirt bike & quad batteries (petrol-bike crossover)","12v bike battery",Commercial,50,17,0,"Medium (16-30)","<100",false,false,"Blog + product links","/blog/lithium-vs-lead-acid-motorcycle-battery",false,false,"",
"Motorcycle, dirt bike & quad batteries (petrol-bike crossover)","batteri moped",Commercial,50,8,0,"Easy (0-15)","<100",false,true,"Blog + product links","/blog/lithium-vs-lead-acid-motorcycle-battery",false,false,"",
"Motorcycle, dirt bike & quad batteries (petrol-bike crossover)","battery of bike",Commercial,50,16,0.56,"Medium (16-30)","<100",false,false,"Blog + product links","/blog/lithium-vs-lead-acid-motorcycle-battery",false,false,"",
"Motorcycle, dirt bike & quad batteries (petrol-bike crossover)","best lithium motorcycle battery",Commercial,50,9,0,"Easy (0-15)","<100",false,false,"Blog + product links","/blog/lithium-vs-lead-acid-motorcycle-battery",false,false,"",
"E-bike cost & price","low cost electric bike",Commercial,2900,25,0.52,"Medium (16-30)","1,000+",false,false,"Blog + product links","/blog/how-much-does-an-electric-bike-cost-australia",true,false,"",
"E-bike cost & price","price e bike",Commercial,590,25,0.26,"Medium (16-30)","300-999",false,false,"Blog + product links","/blog/how-much-does-an-electric-bike-cost-australia",true,false,"",
"E-bike cost & price","electric bicycle cost",Commercial,480,27,0.16,"Medium (16-30)","300-999",false,false,"Blog + product links","/blog/how-much-does-an-electric-bike-cost-australia",true,false,"",
"E-bike cost & price","e bike cost",Commercial,390,22,0.16,"Medium (16-30)","300-999",false,false,"Blog + product links","/blog/how-much-does-an-electric-bike-cost-australia",true,false,"",
"E-bike cost & price","ebikes cost",Commercial,390,28,0.16,"Medium (16-30)","300-999",false,false,"Blog + product links","/blog/how-much-does-an-electric-bike-cost-australia",true,false,"",
"E-bike cost & price","electric bicycle price",Transactional,390,26,0.26,"Medium (16-30)","300-999",false,false,"Category/product page","/blog/how-much-does-an-electric-bike-cost-australia",true,false,"",
"E-bike cost & price","electric bike cost",Commercial,320,27,0.16,"Medium (16-30)","300-999",false,false,"Blog + product links","/blog/how-much-does-an-electric-bike-cost-australia",true,false,"",
"E-bike cost & price","e bike price",Transactional,320,28,0.26,"Medium (16-30)","300-999",false,false,"Category/product page","/blog/how-much-does-an-electric-bike-cost-australia",true,false,"",
"E-bike cost & price","ebike cost",Commercial,170,27,0.14,"Medium (16-30)","100-299",false,false,"Blog + product links","/blog/how-much-does-an-electric-bike-cost-australia",true,false,"",
"E-bike cost & price","e bike price in australia",Transactional,110,24,0.29,"Medium (16-30)","100-299",false,false,"Category/product page","/blog/how-much-does-an-electric-bike-cost-australia",true,true,"/electric-motor-bikes/rtr-ebike/",210
"E-bike cost & price","price electric bike",Transactional,50,26,0.26,"Medium (16-30)","<100",false,false,"Category/product page","/blog/how-much-does-an-electric-bike-cost-australia",true,false,"",
"Kids & mini electric dirt bikes","childrens electric dirt bike",Commercial,1300,14,0.54,"Easy (0-15)","1,000+",true,false,"Blog + product links","/blog/electric-dirt-bikes-for-kids-australia",false,true,"/electric-motor-bikes/kids/",1410
"Kids & mini electric dirt bikes","kids electric motorbike",Commercial,1300,17,0,"Medium (16-30)","1,000+",true,false,"Blog + product links","/blog/electric-dirt-bikes-for-kids-australia",false,true,"/electric-motor-bikes/kids/",1520
"Kids & mini electric dirt bikes","kids electric dirt bike",Commercial,590,15,0,"Easy (0-15)","300-999",true,false,"Blog + product links","/blog/electric-dirt-bikes-for-kids-australia",false,true,"/electric-motor-bikes/kids/",710
"Kids & mini electric dirt bikes","electric dirt bike for kids",Commercial,320,18,0,"Medium (16-30)","300-999",true,false,"Blog + product links","/blog/electric-dirt-bikes-for-kids-australia",false,true,"/electric-motor-bikes/kids/",500
"Kids & mini electric dirt bikes","electric motorbike for kids",Commercial,210,14,0,"Easy (0-15)","100-299",true,false,"Blog + product links","/blog/electric-dirt-bikes-for-kids-australia",false,false,"",
"Kids & mini electric dirt bikes","electric dirt bike kids",Commercial,110,13,0,"Easy (0-15)","100-299",true,false,"Blog + product links","/blog/electric-dirt-bikes-for-kids-australia",false,false,"",
"Kids & mini electric dirt bikes","electric kids dirt bike",Commercial,110,13,0,"Easy (0-15)","100-299",true,false,"Blog + product links","/blog/electric-dirt-bikes-for-kids-australia",false,true,"/electric-motor-bikes/kids/",110
"Kids & mini electric dirt bikes","electric motorcycle for kids",Commercial,110,23,0,"Medium (16-30)","100-299",false,false,"Blog + product links","/blog/electric-dirt-bikes-for-kids-australia",false,true,"/electric-motor-bikes/kids/",110
"Kids & mini electric dirt bikes","childrens electric dirt bikes",Commercial,110,11,0.54,"Easy (0-15)","100-299",true,false,"Blog + product links","/blog/electric-dirt-bikes-for-kids-australia",false,false,"",
"Kids & mini electric dirt bikes","electric minibikes",Commercial,110,0,0.44,"Easy (0-15)","100-299",true,false,"Blog + product links","/blog/electric-dirt-bikes-for-kids-australia",false,false,"",
"Kids & mini electric dirt bikes","childrens electric dirt bike australia",Commercial,90,7,0.58,"Easy (0-15)","<100",false,false,"Blog + product links","/blog/electric-dirt-bikes-for-kids-australia",false,true,"/electric-motor-bikes/kids/",90
"Kids & mini electric dirt bikes","electric mini dirt bike",Commercial,90,17,0,"Medium (16-30)","<100",false,false,"Blog + product links","/blog/electric-dirt-bikes-for-kids-australia",false,false,"",
"Kids & mini electric dirt bikes","electric dirt bike mini",Commercial,90,10,0,"Easy (0-15)","<100",false,false,"Blog + product links","/blog/electric-dirt-bikes-for-kids-australia",false,false,"",
"Kids & mini electric dirt bikes","electric dirt bikes for kids",Commercial,70,11,0,"Easy (0-15)","<100",false,false,"Blog + product links","/blog/electric-dirt-bikes-for-kids-australia",false,false,"",
"Kids & mini electric dirt bikes","kids electric dirtbike",Commercial,70,16,0,"Medium (16-30)","<100",false,false,"Blog + product links","/blog/electric-dirt-bikes-for-kids-australia",false,false,"",
"Kids & mini electric dirt bikes","electric dirt bike for 12 year olds",Commercial,70,19,0,"Medium (16-30)","<100",false,false,"Blog + product links","/blog/electric-dirt-bikes-for-kids-australia",false,true,"/electric-motor-bikes/kids/",70
"Kids & mini electric dirt bikes","mini e dirt bike",Commercial,70,14,0,"Easy (0-15)","<100",false,false,"Blog + product links","/blog/electric-dirt-bikes-for-kids-australia",false,false,"",
"Fat-tyre & fat-tire e-bikes","fat tyre electric bike",Commercial,1000,16,0.58,"Medium (16-30)","1,000+",true,false,"Blog + product links","/blog/fat-tyre-electric-bikes-australia",false,false,"",
"Fat-tyre & fat-tire e-bikes","cycle fat tyre",Commercial,390,16,0.42,"Medium (16-30)","300-999",true,false,"Blog + product links","/blog/fat-tyre-electric-bikes-australia",false,false,"",
"Fat-tyre & fat-tire e-bikes","fat tyre",Commercial,320,6,0,"Easy (0-15)","300-999",true,false,"Blog + product links","/blog/fat-tyre-electric-bikes-australia",false,false,"",
"Fat-tyre & fat-tire e-bikes","fat tyre bicycle",Commercial,260,17,0.72,"Medium (16-30)","100-299",true,false,"Blog + product links","/blog/fat-tyre-electric-bikes-australia",false,false,"",
"Fat-tyre & fat-tire e-bikes","bicyclette fat bike",Commercial,260,12,0.41,"Easy (0-15)","100-299",true,false,"Blog + product links","/blog/fat-tyre-electric-bikes-australia",false,false,"",
"Fat-tyre & fat-tire e-bikes","fat tyre e bikes",Commercial,170,10,0.62,"Easy (0-15)","100-299",true,false,"Blog + product links","/blog/fat-tyre-electric-bikes-australia",false,false,"",
"Fat-tyre & fat-tire e-bikes","fat tyre bikes australia",Commercial,110,17,0.55,"Medium (16-30)","100-299",true,false,"Blog + product links","/blog/fat-tyre-electric-bikes-australia",false,true,"/shop/super73-rx-mojave/",110
"Fat-tyre & fat-tire e-bikes","fat tire electric bicycles",Commercial,110,10,0.46,"Easy (0-15)","100-299",true,false,"Blog + product links","/blog/fat-tyre-electric-bikes-australia",false,false,"",
"Fat-tyre & fat-tire e-bikes","fat wheel bicycle",Commercial,110,18,0,"Medium (16-30)","100-299",true,false,"Blog + product links","/blog/fat-tyre-electric-bikes-australia",false,false,"",
"Fat-tyre & fat-tire e-bikes","electric fat tyre bikes",Commercial,90,18,0.58,"Medium (16-30)","<100",false,false,"Blog + product links","/blog/fat-tyre-electric-bikes-australia",false,false,"",
"Fat-tyre & fat-tire e-bikes","fat tyre e-bike",Commercial,50,15,0.62,"Easy (0-15)","<100",false,false,"Blog + product links","/blog/fat-tyre-electric-bikes-australia",false,false,"",
"Electric dirt bike for sale / cheap / buy","cheap electric dirt bikes",Commercial,260,13,0.55,"Easy (0-15)","100-299",true,false,"Blog + product links","/electric-dirt-bikes/",true,false,"",
"Electric dirt bike for sale / cheap / buy","electric motor bikes for sale",Transactional,210,26,0.31,"Medium (16-30)","100-299",false,false,"Category/product page","/electric-dirt-bikes/",true,true,"/electric-motor-bikes/",600
"Electric dirt bike for sale / cheap / buy","electric motorbikes for sale",Transactional,210,17,0.21,"Medium (16-30)","100-299",true,false,"Category/product page","/electric-dirt-bikes/",true,false,"",
"Electric dirt bike for sale / cheap / buy","electric dirt bike for sale",Transactional,170,24,0.43,"Medium (16-30)","100-299",false,false,"Category/product page","/electric-dirt-bikes/",true,true,"/shop/",330
"Electric dirt bike for sale / cheap / buy","cheap electric dirt bike",Commercial,140,14,0.55,"Easy (0-15)","100-299",true,false,"Blog + product links","/electric-dirt-bikes/",true,true,"/shop/",200
"Electric dirt bike for sale / cheap / buy","cheap e dirt bike",Commercial,140,14,0.34,"Easy (0-15)","100-299",true,false,"Blog + product links","/electric-dirt-bikes/",true,true,"/shop/",240
"Electric dirt bike for sale / cheap / buy","electric dirt bikes for sale",Transactional,110,20,0.43,"Medium (16-30)","100-299",true,false,"Category/product page","/electric-dirt-bikes/",true,false,"",
"Electric dirt bike for sale / cheap / buy","cheapest electric dirt bike",Commercial,110,13,0.55,"Easy (0-15)","100-299",true,false,"Blog + product links","/electric-dirt-bikes/",true,true,"/shop/",160
"Electric dirt bike for sale / cheap / buy","electric dirt bike cheap",Commercial,90,12,0,"Easy (0-15)","<100",false,false,"Blog + product links","/electric-dirt-bikes/",true,true,"/shop/",140
"Electric dirt bike for sale / cheap / buy","electric dirt bike australia cheap",Commercial,90,15,0.22,"Easy (0-15)","<100",false,false,"Blog + product links","/electric-dirt-bikes/",true,true,"/shop/",90
"Electric dirt bike for sale / cheap / buy","electric dirt bike australia for sale",Transactional,70,17,0.28,"Medium (16-30)","<100",false,false,"Category/product page","/electric-dirt-bikes/",true,true,"/shop/",70
"Electric dirt bike for sale / cheap / buy","cheap e dirt bikes",Commercial,70,17,0.38,"Medium (16-30)","<100",false,false,"Blog + product links","/electric-dirt-bikes/",true,false,"",
"Electric dirt bike for sale / cheap / buy","affordable electric dirt bike",Commercial,50,0,0,"Easy (0-15)","<100",false,false,"Blog + product links","/electric-dirt-bikes/",true,true,"/electric-dirt-bikes/",50
"Electric dirt bike for sale / cheap / buy","buy electric motorbike",Transactional,50,19,0.28,"Medium (16-30)","<100",false,false,"Category/product page","/electric-dirt-bikes/",true,true,"/electric-motor-bikes/",50
"Electric dirt bike for sale / cheap / buy","cheap electric dirtbike",Commercial,40,0,0.55,"Easy (0-15)","<100",false,false,"Blog + product links","/electric-dirt-bikes/",true,false,"",
"Electric dirt bike for sale / cheap / buy","electric dirt bike for sale used",Unclassified,20,0,0,"Easy (0-15)","<100",false,false,"Blog + product links","/electric-dirt-bikes/",true,false,"",
"Sur-Ron buying & price","surron for sale",Transactional,260,14,0.68,"Easy (0-15)","100-299",true,false,"Category/product page","/blog/sur-ron-price-australia",true,false,"",
"Sur-Ron buying & price","sur ron ebike for sale",Transactional,140,8,0,"Easy (0-15)","100-299",true,false,"Category/product page","/blog/sur-ron-price-australia",true,false,"",
"Sur-Ron buying & price","sur ron electric bike price",Transactional,140,16,0,"Medium (16-30)","100-299",true,false,"Category/product page","/blog/sur-ron-price-australia",true,false,"",
"Sur-Ron buying & price","surrons for sale",Transactional,110,17,0,"Medium (16-30)","100-299",true,false,"Category/product page","/blog/sur-ron-price-australia",true,false,"",
"Sur-Ron buying & price","sur ron shop near me",Transactional,90,36,0.51,"Hard (31+)","<100",false,false,"Category/product page","/blog/sur-ron-price-australia",true,false,"",
"Sur-Ron buying & price","surron ebike price",Transactional,70,21,0,"Medium (16-30)","<100",false,false,"Category/product page","/blog/sur-ron-price-australia",true,false,"",
"Sur-Ron buying & price","surron light bee x price australia",Transactional,70,4,0.75,"Easy (0-15)","<100",false,false,"Category/product page","/blog/sur-ron-price-australia",true,false,"",
"Sur-Ron buying & price","surron electric bike for sale",Transactional,50,9,0.42,"Easy (0-15)","<100",false,false,"Category/product page","/blog/sur-ron-price-australia",true,false,"",
"Sur-Ron buying & price","surron e bike under $1000",Commercial,50,18,0.87,"Medium (16-30)","<100",false,false,"Blog + product links","/blog/sur-ron-price-australia",false,false,"",
"Electric pit bikes","electric pit bike",Commercial,720,16,0.59,"Medium (16-30)","300-999",true,false,"Blog + product links","/blog/electric-pit-bike-australia",false,true,"/shop/razor-mx650-electric-kids/",830
"Electric pit bikes","electric pitbike",Commercial,140,20,0.69,"Medium (16-30)","100-299",true,false,"Blog + product links","/blog/electric-pit-bike-australia",false,false,"",
"Electric pit bikes","electric pit bikes",Commercial,110,14,0.59,"Easy (0-15)","100-299",true,false,"Blog + product links","/blog/electric-pit-bike-australia",false,false,"",
